{
  "type": "CameraConfigs",
  "cameraDefinitions": [
    {
      "name": "back",
      "offset": {
        "x": 3.8797459613112366,
        "y": 1.025665238542965,
        "z": 6.364989891694275
      },
      "rotation": {
        "pitch": -0.13673648343219827,
        "yaw": 0.5474081317098703,
        "roll": -7.004270903438016e-18
      }
    },
    {
      "name": "front",
      "offset": {
        "x": -3.276118542468531,
        "y": 2.575442674818654,
        "z": -6.788769855678116
      },
      "rotation": {
        "pitch": -0.32922982996341804,
        "yaw": -2.6919786294207566,
        "roll": 0
      }
    },
    {
      "name": "side",
      "offset": {
        "x": -6.0477992634870805,
        "y": 2.1061413433302287,
        "z": -7.06151618520647
      },
      "rotation": {
        "pitch": -0.22473347826192414,
        "yaw": -2.4234382438932496,
        "roll": 1.4235767022985085e-17
      }
    }
  ]
}