{
  "name": "RaceReplay",
  "cameraDefinitions": [
    {
      "name": "wheel_back",
      "offset": {
        "x": 3.8509777233850206,
        "y": 0.6107316962428653,
        "z": 6.174836393704835
      },
      "rotation": {
        "pitch": -0.08372700910894756,
        "yaw": 0.5576327210158842,
        "roll": 3.4816433536119065e-18
      }
    },
    {
      "name": "front",
      "offset": {
        "x": -2.562420276118342,
        "y": 1.4456218394894806,
        "z": -10.47790042209448
      },
      "rotation": {
        "pitch": -0.13322536295556137,
        "yaw": -2.901745465071642,
        "roll": 7.000931823315276e-18
      }
    }
  ],
  "keyframes": []
}